dmx,dmcl,pico,nk
a8ed6645-4385-44bf-bb15-df14e596ba56,f736e62c-0648-4572-8031-174b237eeb16,f736e62c-0648-4572-8031-174b237eeb16,f736e62c-0648-4572-8031-174b237eeb16
7db5eccc-0abd-4060-8afe-d5cfb0f9a77b,e051b1cb-baf6-4e2c-8c35-32a19337b745,e051b1cb-baf6-4e2c-8c35-32a19337b745,e051b1cb-baf6-4e2c-8c35-32a19337b745
131195fc-c405-4459-aba5-5b69c1edccc1,9e52c7f6-5bc1-460b-ab86-eb1a46b75917,9e52c7f6-5bc1-460b-ab86-eb1a46b75917,9e52c7f6-5bc1-460b-ab86-eb1a46b75917
63380186-80b6-40a7-bab1-bda028755307,c78c26de-f098-439d-92e3-cf3f4f7ba815,c78c26de-f098-439d-92e3-cf3f4f7ba815,c78c26de-f098-439d-92e3-cf3f4f7ba815
48be9d7f-81ba-41fe-8cb3-0033d6f1c104,fcf94602-1a23-4040-970e-9a2bec266f85,800ccaef-3ff5-411d-b4b7-27d3d13fb991,800ccaef-3ff5-411d-b4b7-27d3d13fb991
0ec4329c-ae1f-4947-b692-0d837f2cd047,aa2afbac-606c-4efd-a408-5ce36277ccf7,aa2afbac-606c-4efd-a408-5ce36277ccf7,aa2afbac-606c-4efd-a408-5ce36277ccf7
47b40311-59b8-42ac-b77a-8a2c16dc77ec,f90457cb-ba35-4181-a272-0fd16efca6ad,c8faae39-be95-40d7-998d-de5f4f883950,c8faae39-be95-40d7-998d-de5f4f883950
65866d33-b89e-4223-bb52-c047e01acec5,efac7608-c6b8-41f1-82af-4e6772a97312,efac7608-c6b8-41f1-82af-4e6772a97312,efac7608-c6b8-41f1-82af-4e6772a97312
660e7ea5-3673-4372-93cc-67ff9cad871b,785a28e9-925d-4ed8-8936-f6dedf6b1a7a,389a2e4a-c642-4e6a-a5ec-4d6daf08172e,389a2e4a-c642-4e6a-a5ec-4d6daf08172e
eb1d22d4-1134-4a2f-9088-1d6484f3c5a5,35dfc992-b4da-4f1c-b650-be88c9e3158f,35dfc992-b4da-4f1c-b650-be88c9e3158f,35dfc992-b4da-4f1c-b650-be88c9e3158f
c9d27aba-5b61-43f9-a4bb-b71bc561ab48,82c7f6eb-b418-48a8-b693-cc4d27fec5f2,82c7f6eb-b418-48a8-b693-cc4d27fec5f2,82c7f6eb-b418-48a8-b693-cc4d27fec5f2
e6843da9-895b-404f-bf9a-a66127bbe148,468f6b79-6cb1-45c3-9dfe-aad57faa3c5c,468f6b79-6cb1-45c3-9dfe-aad57faa3c5c,468f6b79-6cb1-45c3-9dfe-aad57faa3c5c
5d46bb04-b600-4291-8441-282b888b5d98,efac7608-c6b8-41f1-82af-4e6772a97312,efac7608-c6b8-41f1-82af-4e6772a97312,efac7608-c6b8-41f1-82af-4e6772a97312
9422450a-814a-45e1-9ba2-a64df937d865,36432b99-1637-428f-85cc-945352fc3eea,36432b99-1637-428f-85cc-945352fc3eea,36432b99-1637-428f-85cc-945352fc3eea
ad59f1e4-9d30-4844-b8cc-542ec689b1ba,aa281bb0-4517-4c97-813a-75f71e139b14,468f6b79-6cb1-45c3-9dfe-aad57faa3c5c,468f6b79-6cb1-45c3-9dfe-aad57faa3c5c
0a7b83e1-a734-4161-83bb-2e41f93e0d2e,637862a3-06fa-407a-9698-0431f175719e,637862a3-06fa-407a-9698-0431f175719e,53f00e33-d77b-4703-b5c2-a9e3bac031ba
9bff4b66-38e8-4df1-a100-9196a4ef5caf,4993ff29-228c-4fd5-aa58-07cb5812c4b8,02e1bf3e-50fa-4cc3-9041-033f02a0fdf3,02e1bf3e-50fa-4cc3-9041-033f02a0fdf3
b08ea29b-8a11-4f82-877b-914d0bd53358,07c68165-fbad-4540-b11b-41e36c2ab9c5,07c68165-fbad-4540-b11b-41e36c2ab9c5,54446bf9-49cd-4891-8635-9da76b49ef23
285eb272-b38d-4dcb-9bd2-2fb8e10abf1d,1022ae88-c611-4012-ad2e-58e40d7517ca,06986878-c856-49f8-9bd9-bddeac5ec72d,06986878-c856-49f8-9bd9-bddeac5ec72d
63961e5a-23f2-4afc-b8ea-a002229bcdce,800ccaef-3ff5-411d-b4b7-27d3d13fb991,800ccaef-3ff5-411d-b4b7-27d3d13fb991,800ccaef-3ff5-411d-b4b7-27d3d13fb991
6f7ffeb2-2ec1-44de-a4ee-f3f14c7bb38f,785a28e9-925d-4ed8-8936-f6dedf6b1a7a,389a2e4a-c642-4e6a-a5ec-4d6daf08172e,389a2e4a-c642-4e6a-a5ec-4d6daf08172e
d3b86e15-322b-4906-9e6c-dab79f3f7e73,23648483-1f26-417a-9fad-5e935442100a,23648483-1f26-417a-9fad-5e935442100a,23648483-1f26-417a-9fad-5e935442100a
b77bc51c-a133-4e97-ac9e-3b07ca463ae5,cdcf7d93-670b-483f-8c06-12cd628b5a8d,c0bf26a8-4a0e-4a41-956d-8f40775c494c,c3dd4da3-9dd1-4280-9fdb-2668d7038679
281d44b2-08dd-4142-897c-4481efd6cc62,f67dc3f7-ee07-4fd1-88ae-9fa47822bb11,f67dc3f7-ee07-4fd1-88ae-9fa47822bb11,f67dc3f7-ee07-4fd1-88ae-9fa47822bb11
38da28e0-0543-44f7-bb76-3e938b0a289f,f9133ccf-df5f-445a-9f21-d0e089ac2c6e,d363b691-0c40-4d6b-836d-b400536185dd,d363b691-0c40-4d6b-836d-b400536185dd
eb3f8a13-6836-410f-bad3-d87f062f043a,f90457cb-ba35-4181-a272-0fd16efca6ad,c8faae39-be95-40d7-998d-de5f4f883950,c8faae39-be95-40d7-998d-de5f4f883950
f1dd3c99-4618-4737-95f3-f69318363914,21f3d4c9-537a-46ef-b535-fa89e0add8a3,21f3d4c9-537a-46ef-b535-fa89e0add8a3,21f3d4c9-537a-46ef-b535-fa89e0add8a3
af3e41b0-f887-4e14-b062-283a3e37a503,b929a7e0-5063-458c-af57-f56215dad127,b929a7e0-5063-458c-af57-f56215dad127,8b37248b-5846-4cfa-bb65-1619aad71b48
05242fdf-5474-45de-9730-ca7a936080e9,65fa890b-50b5-4d85-88a6-e8c7cc80dc3a,65fa890b-50b5-4d85-88a6-e8c7cc80dc3a,49bcc943-02fe-4937-91d1-2c5fe2bcf43c
d4d0a7d8-93ce-4133-a406-9ac003e2ac22,36333b7b-e5d1-4c83-93ee-4b30e88fac38,36333b7b-e5d1-4c83-93ee-4b30e88fac38,6412f833-fb25-4aaf-b04a-05fa0aa8b6e6
e5c53572-70a0-409d-b1fe-1de53241a24b,c05aeed8-9085-45ad-825a-e94904813cba,c05aeed8-9085-45ad-825a-e94904813cba,c05aeed8-9085-45ad-825a-e94904813cba
4e7a6de5-0ac0-47fe-8673-5f911b08c0e5,3d7c2a05-d411-4cfa-aa73-c1e574d908ab,54446bf9-49cd-4891-8635-9da76b49ef23,54446bf9-49cd-4891-8635-9da76b49ef23
a2a958d5-31f5-456c-9293-da9318c48f3c,6234b9cf-851f-4606-b03d-eee83b9e2483,6234b9cf-851f-4606-b03d-eee83b9e2483,3cd24914-000e-4201-a64e-ef6bf09d3926
7bc837ec-7531-4108-8931-8df150bd96b6,b19baf56-3849-49fe-b89c-ec1882587aa8,efac7608-c6b8-41f1-82af-4e6772a97312,efac7608-c6b8-41f1-82af-4e6772a97312
aeab9427-1d60-4d7c-9342-b1967e18e611,74353d62-e05a-439d-9ae1-d3c9c3d18d79,74353d62-e05a-439d-9ae1-d3c9c3d18d79,9602371f-df02-46a6-8d54-f9e2014e9e96
81ab8fd7-6e35-4bea-b007-617200f94a49,e593353a-a916-412d-8f5c-c8ddf302808e,4cffbe10-12f4-4b1c-a340-683fbd4e3732,12990554-ef6c-41d8-8812-cb73f0b65ce2
5b760c1d-b4ba-4e39-abeb-c513ac1e4769,b19baf56-3849-49fe-b89c-ec1882587aa8,128d1dd1-c98f-438f-afd2-c1941cd29cfb,128d1dd1-c98f-438f-afd2-c1941cd29cfb
c5114a31-fa6f-4be6-a2fc-855636e4dda2,4635fdcf-cf4c-4dcb-88f7-c6ede6569e9a,4635fdcf-cf4c-4dcb-88f7-c6ede6569e9a,1ada0b62-ba79-4d12-9574-6f0e4ba1fca2
f09c394a-7614-45dc-8759-f1f426e27d2f,a64e4256-e18f-46e6-bee1-5a11cd4b3b80,a64e4256-e18f-46e6-bee1-5a11cd4b3b80,bbbdbb64-3b47-4517-b824-7f4fbd68be68
dfbd9d0b-8816-4163-83d8-4a394c67f595,fcf94602-1a23-4040-970e-9a2bec266f85,9602371f-df02-46a6-8d54-f9e2014e9e96,9602371f-df02-46a6-8d54-f9e2014e9e96
e06a4cbb-5504-442f-8dd2-a3c2c5d33e54,b929a7e0-5063-458c-af57-f56215dad127,b929a7e0-5063-458c-af57-f56215dad127,efac7608-c6b8-41f1-82af-4e6772a97312
138a5f2a-eac9-4fbb-8433-aad988f61b3d,c3dd4da3-9dd1-4280-9fdb-2668d7038679,c3dd4da3-9dd1-4280-9fdb-2668d7038679,c3dd4da3-9dd1-4280-9fdb-2668d7038679
391e92eb-423c-4ff1-a838-d8acae5df992,67afa25d-c1f8-4c07-adf1-cb4e48943d30,67afa25d-c1f8-4c07-adf1-cb4e48943d30,67afa25d-c1f8-4c07-adf1-cb4e48943d30
e77d24a0-6822-4229-8d16-6c8946c57584,6234b9cf-851f-4606-b03d-eee83b9e2483,6234b9cf-851f-4606-b03d-eee83b9e2483,bbbdbb64-3b47-4517-b824-7f4fbd68be68
6805b9c8-9e2f-4e80-9440-352dfde59e96,e593353a-a916-412d-8f5c-c8ddf302808e,8b37248b-5846-4cfa-bb65-1619aad71b48,8b37248b-5846-4cfa-bb65-1619aad71b48
9f34108e-c7e7-4968-8bcd-595b7677a082,b19baf56-3849-49fe-b89c-ec1882587aa8,efac7608-c6b8-41f1-82af-4e6772a97312,efac7608-c6b8-41f1-82af-4e6772a97312
b9e3a75b-8d6e-4a32-8847-6d95429d1f92,7863dfab-ab2d-4f65-8af1-ec4958bdfac7,7863dfab-ab2d-4f65-8af1-ec4958bdfac7,7863dfab-ab2d-4f65-8af1-ec4958bdfac7
4597a79a-24b7-4d12-b269-2d42ec3d02d2,a64e4256-e18f-46e6-bee1-5a11cd4b3b80,a64e4256-e18f-46e6-bee1-5a11cd4b3b80,c05aeed8-9085-45ad-825a-e94904813cba
1a1db7fd-7e4f-44c4-a6a5-0790926980ef,881bff15-b032-477f-8313-c51a10550221,881bff15-b032-477f-8313-c51a10550221,d02241db-c4f7-4b3d-a63d-601df2b72182
9dfd197d-3739-47b1-98e2-93cf93da2779,6234b9cf-851f-4606-b03d-eee83b9e2483,6234b9cf-851f-4606-b03d-eee83b9e2483,3cd24914-000e-4201-a64e-ef6bf09d3926
19003966-ad19-4e7d-bff7-db02c9ebd9db,63c303e8-7259-492a-b377-3179dc25f0ca,63c303e8-7259-492a-b377-3179dc25f0ca,63c303e8-7259-492a-b377-3179dc25f0ca
8b398734-7b26-4ad1-a2cd-4b495c7d3416,128d1dd1-c98f-438f-afd2-c1941cd29cfb,128d1dd1-c98f-438f-afd2-c1941cd29cfb,128d1dd1-c98f-438f-afd2-c1941cd29cfb
af2b1cf1-0247-4338-a4a4-ebd3199fce74,411404a6-b5bc-44e6-96e2-f2ad3525504d,411404a6-b5bc-44e6-96e2-f2ad3525504d,411404a6-b5bc-44e6-96e2-f2ad3525504d
9ed60906-23b0-45ea-aac5-14a5a4c336e3,c05aeed8-9085-45ad-825a-e94904813cba,c05aeed8-9085-45ad-825a-e94904813cba,c05aeed8-9085-45ad-825a-e94904813cba
a8cc0fe5-defb-43aa-b741-9b3d8fee30aa,12990554-ef6c-41d8-8812-cb73f0b65ce2,12990554-ef6c-41d8-8812-cb73f0b65ce2,12990554-ef6c-41d8-8812-cb73f0b65ce2
c3e378cd-596d-4d90-91db-e65b1d443495,6234b9cf-851f-4606-b03d-eee83b9e2483,6234b9cf-851f-4606-b03d-eee83b9e2483,bbbdbb64-3b47-4517-b824-7f4fbd68be68
de71035e-f91b-40fb-8097-942a00ad4ed8,13fb2ceb-1c3c-4682-9ff0-5ef10c1c9711,13fb2ceb-1c3c-4682-9ff0-5ef10c1c9711,13fb2ceb-1c3c-4682-9ff0-5ef10c1c9711
66cecc7a-ac59-4160-a1c1-b2179f68e585,b19baf56-3849-49fe-b89c-ec1882587aa8,0451e3f9-41c9-466b-b03e-506dd0a95f73,0451e3f9-41c9-466b-b03e-506dd0a95f73
ac1576af-466e-4f2d-84ae-2fadaa4ea031,1328d13a-42a7-42e9-920d-7f2e1b799a2b,1328d13a-42a7-42e9-920d-7f2e1b799a2b,0d5e3cb9-d3b7-4dc3-9e1c-2bf959837463
d849806e-dcf9-469d-84df-48d5b64d3350,c0abc307-3c53-4ed0-bcfb-e661aab1736a,c0abc307-3c53-4ed0-bcfb-e661aab1736a,c0abc307-3c53-4ed0-bcfb-e661aab1736a
451d09ad-2ee0-481f-8abe-ee25d65d938b,f67dc3f7-ee07-4fd1-88ae-9fa47822bb11,f67dc3f7-ee07-4fd1-88ae-9fa47822bb11,f67dc3f7-ee07-4fd1-88ae-9fa47822bb11
298123e7-4870-4d49-b7f5-602ba682f576,23648483-1f26-417a-9fad-5e935442100a,23648483-1f26-417a-9fad-5e935442100a,23648483-1f26-417a-9fad-5e935442100a
26047e8d-f439-4926-9d60-5c64add3a5ab,1022ae88-c611-4012-ad2e-58e40d7517ca,389a2e4a-c642-4e6a-a5ec-4d6daf08172e,389a2e4a-c642-4e6a-a5ec-4d6daf08172e
76d217c8-8146-40ee-b5e4-ae02933297e4,c78c26de-f098-439d-92e3-cf3f4f7ba815,c78c26de-f098-439d-92e3-cf3f4f7ba815,c78c26de-f098-439d-92e3-cf3f4f7ba815
64b46bdd-d98f-48c2-bb62-43d75a4bf8a1,1c24075c-d6e6-47c9-80f7-51f58e7cf721,1c24075c-d6e6-47c9-80f7-51f58e7cf721,1c24075c-d6e6-47c9-80f7-51f58e7cf721
92c490ed-5ca3-4dd2-b912-1a75e5bb4964,62d251b2-301e-4ae7-b0fd-cdf499081a3f,62d251b2-301e-4ae7-b0fd-cdf499081a3f,54c1dad4-71fb-4424-8b4d-80a34ec0fe99
a0759817-98de-4bba-ae97-3fe68920d819,54c1dad4-71fb-4424-8b4d-80a34ec0fe99,54c1dad4-71fb-4424-8b4d-80a34ec0fe99,54c1dad4-71fb-4424-8b4d-80a34ec0fe99
307a4ec5-104e-4c5c-b3b4-c287f5c86c7d,a64e4256-e18f-46e6-bee1-5a11cd4b3b80,a64e4256-e18f-46e6-bee1-5a11cd4b3b80,c05aeed8-9085-45ad-825a-e94904813cba
28317d85-71da-4b6e-886a-cf79a587dcfe,0aba477f-ece1-4a95-a544-4c77ed28b9b4,0aba477f-ece1-4a95-a544-4c77ed28b9b4,9602371f-df02-46a6-8d54-f9e2014e9e96
b903c83a-7339-452d-80bb-b49c96051330,e4802588-899f-46c6-8579-569cfde574e8,8b37248b-5846-4cfa-bb65-1619aad71b48,8b37248b-5846-4cfa-bb65-1619aad71b48
245b6f45-ba33-4d43-98ee-056cd5f9f608,c3a92ee0-9a1e-42f9-b3e0-d3e18954becb,c3a92ee0-9a1e-42f9-b3e0-d3e18954becb,c3a92ee0-9a1e-42f9-b3e0-d3e18954becb
9c3559ef-1b94-4188-9103-a2479175cabc,d02241db-c4f7-4b3d-a63d-601df2b72182,d02241db-c4f7-4b3d-a63d-601df2b72182,d02241db-c4f7-4b3d-a63d-601df2b72182
29f2fadb-f1c8-4416-b29c-96446142adb5,b19baf56-3849-49fe-b89c-ec1882587aa8,128d1dd1-c98f-438f-afd2-c1941cd29cfb,128d1dd1-c98f-438f-afd2-c1941cd29cfb
06ad1add-6528-408d-8513-a426d92615a6,bbf50ce7-829c-4aed-9a70-b13970315472,bbf50ce7-829c-4aed-9a70-b13970315472,bbf50ce7-829c-4aed-9a70-b13970315472
14864d47-4749-4d28-ba4e-a79d4850ae53,85d79148-c4ee-40ae-a3e2-03e77b619a87,85d79148-c4ee-40ae-a3e2-03e77b619a87,85d79148-c4ee-40ae-a3e2-03e77b619a87
bf71faec-6c80-4e7f-bf35-b1e349fc5bd7,b19baf56-3849-49fe-b89c-ec1882587aa8,07c68165-fbad-4540-b11b-41e36c2ab9c5,54446bf9-49cd-4891-8635-9da76b49ef23
20bf29e0-7956-47bc-99b8-5367dd65633b,b19baf56-3849-49fe-b89c-ec1882587aa8,54446bf9-49cd-4891-8635-9da76b49ef23,54446bf9-49cd-4891-8635-9da76b49ef23
f997caeb-c761-4000-9537-112bda84ca21,4635fdcf-cf4c-4dcb-88f7-c6ede6569e9a,4635fdcf-cf4c-4dcb-88f7-c6ede6569e9a,1ada0b62-ba79-4d12-9574-6f0e4ba1fca2
0c99a632-6211-46dd-b186-714aae0e7f33,b19baf56-3849-49fe-b89c-ec1882587aa8,128d1dd1-c98f-438f-afd2-c1941cd29cfb,128d1dd1-c98f-438f-afd2-c1941cd29cfb
8eb8ce5b-5fbb-466f-b9cf-a2cf770b1d61,6cd406c9-79e0-4d94-843e-7b0370b40aa3,bb049ea8-40b4-400c-a1bb-e8bbb00c2580,bb049ea8-40b4-400c-a1bb-e8bbb00c2580
1e0fd667-6729-48f5-8c1b-fea84ec569f8,8169e616-f265-4404-a5cd-f29989c0ef0a,8169e616-f265-4404-a5cd-f29989c0ef0a,8169e616-f265-4404-a5cd-f29989c0ef0a
2fbe8ef8-4f07-4667-9e09-caf3fc2edfa0,3d7c2a05-d411-4cfa-aa73-c1e574d908ab,1e578318-8784-4cd1-9f14-a53ce6bfffa6,efac7608-c6b8-41f1-82af-4e6772a97312
92df8d1e-7414-4db1-84c1-cb1ce06ac552,7a6090ba-c30b-4c28-b846-de0782c2c5b7,8169e616-f265-4404-a5cd-f29989c0ef0a,8169e616-f265-4404-a5cd-f29989c0ef0a
96647f4c-2bc9-4ff7-9c5e-60e76a418e16,12990554-ef6c-41d8-8812-cb73f0b65ce2,12990554-ef6c-41d8-8812-cb73f0b65ce2,12990554-ef6c-41d8-8812-cb73f0b65ce2
7de5775c-bc58-4a60-9774-eb9620598a93,8169e616-f265-4404-a5cd-f29989c0ef0a,8169e616-f265-4404-a5cd-f29989c0ef0a,8169e616-f265-4404-a5cd-f29989c0ef0a
5efba3f8-8994-4cec-9ffc-a62741065294,a23bc2b1-415b-4b88-aee4-6f3235b0a0d4,a23bc2b1-415b-4b88-aee4-6f3235b0a0d4,a23bc2b1-415b-4b88-aee4-6f3235b0a0d4
f9b134d6-55b1-4db6-9bc5-d0f71ed9fea5,c5d7ec68-2459-49c3-92ca-95c89fa8d0c8,c5d7ec68-2459-49c3-92ca-95c89fa8d0c8,c5d7ec68-2459-49c3-92ca-95c89fa8d0c8
01d57bd1-3f95-4375-b88d-7ccbc31bbc23,c4b790f8-890e-4dcd-a21c-8a27b3659162,c4b790f8-890e-4dcd-a21c-8a27b3659162,c4b790f8-890e-4dcd-a21c-8a27b3659162
1aacaac0-8076-4235-b860-47ed38f1b99c,24616dbe-0e69-4465-9ed8-b81fe73c5f0c,24616dbe-0e69-4465-9ed8-b81fe73c5f0c,24616dbe-0e69-4465-9ed8-b81fe73c5f0c
9da0d2fe-9f2f-4753-b95d-c41f8a23011b,9602371f-df02-46a6-8d54-f9e2014e9e96,9602371f-df02-46a6-8d54-f9e2014e9e96,9602371f-df02-46a6-8d54-f9e2014e9e96
c4103f68-de1c-4941-9e79-c205e5edeaa6,74a47643-32c9-4abe-8490-bc64cbc40e6d,468f6b79-6cb1-45c3-9dfe-aad57faa3c5c,468f6b79-6cb1-45c3-9dfe-aad57faa3c5c
22c5a93a-db39-47a4-ae72-a06918f78c70,6b3cea19-b8bd-45b3-ae31-1975ccdb5cee,0fad31fd-5bdf-4331-801b-e7baa1ac6d0b,0fad31fd-5bdf-4331-801b-e7baa1ac6d0b
9469560b-f35a-4260-8ad4-eccc31596140,1438ab24-80c7-465a-9972-4210b56ed76a,bf1c75f4-3587-409e-a4d9-6088893e0c33,f736e62c-0648-4572-8031-174b237eeb16
4e113197-f4bc-49bb-8c3d-758a1c364f07,cdcf7d93-670b-483f-8c06-12cd628b5a8d,1974fadf-847e-468c-9cec-9f3b8bb97588,1974fadf-847e-468c-9cec-9f3b8bb97588
c99c85f5-7df0-45dd-8a03-cc7518c38510,02e1bf3e-50fa-4cc3-9041-033f02a0fdf3,02e1bf3e-50fa-4cc3-9041-033f02a0fdf3,02e1bf3e-50fa-4cc3-9041-033f02a0fdf3
d904583f-f868-4643-ab03-6719b6ae3a1c,f90457cb-ba35-4181-a272-0fd16efca6ad,9602371f-df02-46a6-8d54-f9e2014e9e96,9602371f-df02-46a6-8d54-f9e2014e9e96
8acf3ef1-1710-4e8b-9594-ce7757509281,e593353a-a916-412d-8f5c-c8ddf302808e,9e52c7f6-5bc1-460b-ab86-eb1a46b75917,9e52c7f6-5bc1-460b-ab86-eb1a46b75917
85f4c5b5-acab-48a2-8a54-5138ca0206e4,b929a7e0-5063-458c-af57-f56215dad127,b929a7e0-5063-458c-af57-f56215dad127,efac7608-c6b8-41f1-82af-4e6772a97312
83555c23-8b82-45e0-a1e4-bde9384fe232,6cd406c9-79e0-4d94-843e-7b0370b40aa3,a2e4f43b-0d64-4376-be1c-3ca64d571439,a2e4f43b-0d64-4376-be1c-3ca64d571439
a3987d2c-3273-45f3-919c-3a2825859d40,1ada0b62-ba79-4d12-9574-6f0e4ba1fca2,1ada0b62-ba79-4d12-9574-6f0e4ba1fca2,1ada0b62-ba79-4d12-9574-6f0e4ba1fca2
2f6e8c61-da36-476d-aad3-4585b88f14aa,389a2e4a-c642-4e6a-a5ec-4d6daf08172e,389a2e4a-c642-4e6a-a5ec-4d6daf08172e,389a2e4a-c642-4e6a-a5ec-4d6daf08172e
3215f81a-cb6b-4b3b-844f-061b1a460192,a48694bd-4492-4c6c-8e04-5f0ba2659d6f,a48694bd-4492-4c6c-8e04-5f0ba2659d6f,a48694bd-4492-4c6c-8e04-5f0ba2659d6f
423ce7fd-3af5-418d-8e47-7fd7ff70f166,7863dfab-ab2d-4f65-8af1-ec4958bdfac7,7863dfab-ab2d-4f65-8af1-ec4958bdfac7,7863dfab-ab2d-4f65-8af1-ec4958bdfac7
2670faa7-393f-439e-bbcf-72265c4c61d3,36333b7b-e5d1-4c83-93ee-4b30e88fac38,36333b7b-e5d1-4c83-93ee-4b30e88fac38,56ef29cf-3b47-4b66-8ee3-8989c7e3a327
d13ff3af-4962-4600-a097-aebdab79e2c1,e5ee7dc8-d53a-4564-bebd-c4f11a879af8,e5ee7dc8-d53a-4564-bebd-c4f11a879af8,e5ee7dc8-d53a-4564-bebd-c4f11a879af8
9550912c-fa14-4760-b59d-44b86edb16d8,b3ec2851-2c09-4997-9dcd-e6f241a9a913,b3ec2851-2c09-4997-9dcd-e6f241a9a913,b3ec2851-2c09-4997-9dcd-e6f241a9a913
313a007d-7c79-4826-92ab-0873f77687fa,6234b9cf-851f-4606-b03d-eee83b9e2483,6234b9cf-851f-4606-b03d-eee83b9e2483,bf10cd51-09fc-477a-8405-85af94f432c1
7f9fb13b-6408-4d63-a174-a29ba5a700e8,e5ee7dc8-d53a-4564-bebd-c4f11a879af8,e5ee7dc8-d53a-4564-bebd-c4f11a879af8,e5ee7dc8-d53a-4564-bebd-c4f11a879af8
50e8ecad-dac0-4adc-a09f-1edf531e698f,7863dfab-ab2d-4f65-8af1-ec4958bdfac7,7863dfab-ab2d-4f65-8af1-ec4958bdfac7,7863dfab-ab2d-4f65-8af1-ec4958bdfac7
c6793730-b2e7-4edb-a7f8-d4804ff0248a,0d5e3cb9-d3b7-4dc3-9e1c-2bf959837463,0d5e3cb9-d3b7-4dc3-9e1c-2bf959837463,0d5e3cb9-d3b7-4dc3-9e1c-2bf959837463
dfcc8a52-a426-4705-bbe0-45aadc3ffe43,cce2c613-9596-41e8-8b9d-d074e036525e,cce2c613-9596-41e8-8b9d-d074e036525e,cce2c613-9596-41e8-8b9d-d074e036525e
6afa0d27-2824-48b2-9527-a00aa4cdf59a,637862a3-06fa-407a-9698-0431f175719e,637862a3-06fa-407a-9698-0431f175719e,53f00e33-d77b-4703-b5c2-a9e3bac031ba
a5c592a8-e245-4248-82d1-0ac9471d7f5b,c5d7ec68-2459-49c3-92ca-95c89fa8d0c8,c5d7ec68-2459-49c3-92ca-95c89fa8d0c8,c5d7ec68-2459-49c3-92ca-95c89fa8d0c8
070c8eb1-bf55-41fa-ac0d-ff1455f5856c,5f2ce2c0-ffd6-4b7f-92ec-0625dd2cb80e,5f2ce2c0-ffd6-4b7f-92ec-0625dd2cb80e,5f2ce2c0-ffd6-4b7f-92ec-0625dd2cb80e
36a347c1-b782-484e-9a34-774afbeee858,b929a7e0-5063-458c-af57-f56215dad127,b929a7e0-5063-458c-af57-f56215dad127,8b37248b-5846-4cfa-bb65-1619aad71b48
d637ef31-7e49-471f-a9b9-9360eecb7a99,b929a7e0-5063-458c-af57-f56215dad127,b929a7e0-5063-458c-af57-f56215dad127,d8884756-8062-463c-8486-e8d9debade8c
20050372-553c-40aa-a348-60754db18e26,65fa890b-50b5-4d85-88a6-e8c7cc80dc3a,65fa890b-50b5-4d85-88a6-e8c7cc80dc3a,49bcc943-02fe-4937-91d1-2c5fe2bcf43c
db71cd50-7613-4ab4-9b7a-d8a7473ab731,a87443cf-6bc0-4cb4-b8a0-39e8310f4d99,a87443cf-6bc0-4cb4-b8a0-39e8310f4d99,85d79148-c4ee-40ae-a3e2-03e77b619a87
74ce5e05-99e2-4f4c-ae26-79583f8e3352,d82b71fb-4961-4d5e-85f6-3d14adde078b,d82b71fb-4961-4d5e-85f6-3d14adde078b,67afa25d-c1f8-4c07-adf1-cb4e48943d30
ab97ab6c-8d1c-4a84-ab0b-662e558f4954,fcf94602-1a23-4040-970e-9a2bec266f85,800ccaef-3ff5-411d-b4b7-27d3d13fb991,800ccaef-3ff5-411d-b4b7-27d3d13fb991
a75da495-7d20-44dc-9537-fd4e348135bf,1e4d909a-003a-4a93-bdbb-78f8a0912672,c4b790f8-890e-4dcd-a21c-8a27b3659162,c4b790f8-890e-4dcd-a21c-8a27b3659162
839667ea-a680-47a2-9670-721500ced170,a65b691f-b572-4a0f-96fb-4518601d9811,a65b691f-b572-4a0f-96fb-4518601d9811,a65b691f-b572-4a0f-96fb-4518601d9811
bf1cb820-8586-47e3-8f59-b0eca7610fd4,b37cbf00-bb5f-4103-9ab8-014ed0a32891,b37cbf00-bb5f-4103-9ab8-014ed0a32891,7ddfb6d3-dd27-425f-81bd-3ae27e63eb4b
e5b2ffc4-3f48-4ed4-9e80-71773b80def0,8169e616-f265-4404-a5cd-f29989c0ef0a,8169e616-f265-4404-a5cd-f29989c0ef0a,8169e616-f265-4404-a5cd-f29989c0ef0a
cad7a769-b2d5-4686-a04b-2e24490cf7fe,f90457cb-ba35-4181-a272-0fd16efca6ad,7ddfb6d3-dd27-425f-81bd-3ae27e63eb4b,7ddfb6d3-dd27-425f-81bd-3ae27e63eb4b
5e3c4626-4ddf-44fd-ad5a-32e71e2fe400,3f461aa0-5938-4dfe-8b2d-18805e3e4909,3f461aa0-5938-4dfe-8b2d-18805e3e4909,3f461aa0-5938-4dfe-8b2d-18805e3e4909
bc73b446-d238-4691-8e71-a7d98453fb7c,b929a7e0-5063-458c-af57-f56215dad127,b929a7e0-5063-458c-af57-f56215dad127,edf149ef-fea5-4a9b-8aa2-d48fd9990311
729e3d73-ad57-4f3e-a1f0-b0254fbb43fc,3d7c2a05-d411-4cfa-aa73-c1e574d908ab,0451e3f9-41c9-466b-b03e-506dd0a95f73,0451e3f9-41c9-466b-b03e-506dd0a95f73
740cd82c-712f-4005-b42e-36f0aac8a9ca,2309db95-451c-4a31-a4e2-6093b8dfd102,2309db95-451c-4a31-a4e2-6093b8dfd102,2309db95-451c-4a31-a4e2-6093b8dfd102
2c10c6a2-e3be-46b6-9410-8094f462e878,d11b0181-47c5-4455-b5bd-4cd9b470ef92,d11b0181-47c5-4455-b5bd-4cd9b470ef92,d11b0181-47c5-4455-b5bd-4cd9b470ef92
29d06a83-e28a-4fcf-b591-c02d21e85e46,30f85c8f-758e-46e2-9ef4-1ba605643376,30f85c8f-758e-46e2-9ef4-1ba605643376,30f85c8f-758e-46e2-9ef4-1ba605643376
eae82979-9e7e-4088-93c5-a3e3e2f37b4b,1e578318-8784-4cd1-9f14-a53ce6bfffa6,1e578318-8784-4cd1-9f14-a53ce6bfffa6,efac7608-c6b8-41f1-82af-4e6772a97312
a220b7cf-a59b-4a23-b145-5bb4f94b243d,84b94d05-1d4c-4e7c-be2d-633a49e94133,84b94d05-1d4c-4e7c-be2d-633a49e94133,84b94d05-1d4c-4e7c-be2d-633a49e94133
1dd163c5-b7f7-4c52-a3b1-1cd1445c969d,5b40c5d9-8155-4d02-ac42-cf5315e312a1,5b40c5d9-8155-4d02-ac42-cf5315e312a1,7ddfb6d3-dd27-425f-81bd-3ae27e63eb4b
6b0553c2-288f-4ae9-ad7e-59d00f50781c,d82b71fb-4961-4d5e-85f6-3d14adde078b,d82b71fb-4961-4d5e-85f6-3d14adde078b,b3ec2851-2c09-4997-9dcd-e6f241a9a913
6e4f3cea-2edc-46ef-a3d8-36a5845cc9eb,cdcf7d93-670b-483f-8c06-12cd628b5a8d,1974fadf-847e-468c-9cec-9f3b8bb97588,1974fadf-847e-468c-9cec-9f3b8bb97588
06306e39-cbfe-4e41-bd8d-1a23c817994b,63c303e8-7259-492a-b377-3179dc25f0ca,63c303e8-7259-492a-b377-3179dc25f0ca,63c303e8-7259-492a-b377-3179dc25f0ca
b2cfb119-5b69-4d40-9d03-7d2a8110ac65,f90457cb-ba35-4181-a272-0fd16efca6ad,b929a7e0-5063-458c-af57-f56215dad127,1ada0b62-ba79-4d12-9574-6f0e4ba1fca2
246ed554-e148-4df7-b403-04437f2a2554,0818733b-3222-412b-88cb-82a0af68d630,0818733b-3222-412b-88cb-82a0af68d630,0818733b-3222-412b-88cb-82a0af68d630
280aab29-5816-4d97-8b7b-2a7fbf77953c,d15657a1-ba64-4176-9b85-d8e88c497f01,d15657a1-ba64-4176-9b85-d8e88c497f01,d15657a1-ba64-4176-9b85-d8e88c497f01
e2a68d4c-4d37-455c-9ff9-40ec8f8adf45,0e49588e-539d-4aa5-b4f6-baa16af597f5,0e49588e-539d-4aa5-b4f6-baa16af597f5,0e49588e-539d-4aa5-b4f6-baa16af597f5
56ad2867-1e3d-4fe9-9dbb-0927230dbf74,56ef29cf-3b47-4b66-8ee3-8989c7e3a327,56ef29cf-3b47-4b66-8ee3-8989c7e3a327,56ef29cf-3b47-4b66-8ee3-8989c7e3a327
625188ec-a7f6-4bdd-b3c4-941d71e52d3b,1022ae88-c611-4012-ad2e-58e40d7517ca,389a2e4a-c642-4e6a-a5ec-4d6daf08172e,389a2e4a-c642-4e6a-a5ec-4d6daf08172e
acc825d9-a351-4254-89a0-4b6e0a5ddbe2,bbf50ce7-829c-4aed-9a70-b13970315472,bbf50ce7-829c-4aed-9a70-b13970315472,bbf50ce7-829c-4aed-9a70-b13970315472
3f32d810-bf1f-4c94-a0cb-b5e6c3ad6f24,977326ee-2a8c-403c-9ac0-bb074d005f11,977326ee-2a8c-403c-9ac0-bb074d005f11,977326ee-2a8c-403c-9ac0-bb074d005f11
e32de240-1b42-4c8c-ab96-20f5b18ec656,733cccda-e649-4de8-993a-5a4a0cef1b8c,733cccda-e649-4de8-993a-5a4a0cef1b8c,733cccda-e649-4de8-993a-5a4a0cef1b8c
77dad671-8449-4b39-aeab-ef2e4c1f79f5,82c7f6eb-b418-48a8-b693-cc4d27fec5f2,82c7f6eb-b418-48a8-b693-cc4d27fec5f2,82c7f6eb-b418-48a8-b693-cc4d27fec5f2
05df747a-7f53-4db2-aeb4-df145a1be046,82c7f6eb-b418-48a8-b693-cc4d27fec5f2,82c7f6eb-b418-48a8-b693-cc4d27fec5f2,82c7f6eb-b418-48a8-b693-cc4d27fec5f2
dc33cf5d-b214-49fb-8b52-cf1f7cf8dc6b,f90457cb-ba35-4181-a272-0fd16efca6ad,0d5e3cb9-d3b7-4dc3-9e1c-2bf959837463,0d5e3cb9-d3b7-4dc3-9e1c-2bf959837463
617ae125-aaea-4d22-a50e-5e9381cf9d5c,6cd406c9-79e0-4d94-843e-7b0370b40aa3,e9846dda-e73f-4768-9041-66788ab32171,e9846dda-e73f-4768-9041-66788ab32171
70cec483-fcbd-4367-8a35-f018c8557939,014e5263-d9a3-411e-a943-c2c6988ef656,014e5263-d9a3-411e-a943-c2c6988ef656,d363b691-0c40-4d6b-836d-b400536185dd
55f1d3a5-b643-4299-8ba4-8af46018dc36,ebbc2970-3688-42a7-8725-a8b738ee1a9f,ebbc2970-3688-42a7-8725-a8b738ee1a9f,ebbc2970-3688-42a7-8725-a8b738ee1a9f
fe38874d-0602-476a-9eae-7326941a6fab,53f00e33-d77b-4703-b5c2-a9e3bac031ba,53f00e33-d77b-4703-b5c2-a9e3bac031ba,53f00e33-d77b-4703-b5c2-a9e3bac031ba
1c7f4db8-c7bd-4e38-81b4-b097cbd81a19,800ccaef-3ff5-411d-b4b7-27d3d13fb991,800ccaef-3ff5-411d-b4b7-27d3d13fb991,800ccaef-3ff5-411d-b4b7-27d3d13fb991
fb7fba1b-eb5a-4214-aba0-aa2427402c58,3059ad46-0cb1-4704-b768-2819973b78df,800ccaef-3ff5-411d-b4b7-27d3d13fb991,800ccaef-3ff5-411d-b4b7-27d3d13fb991
a8a7ebb0-2348-486f-9533-f5643a4e4a9c,b929a7e0-5063-458c-af57-f56215dad127,b929a7e0-5063-458c-af57-f56215dad127,8b37248b-5846-4cfa-bb65-1619aad71b48
69c89356-197d-4b99-9fcb-cab980079dab,3c6bd6c5-7aa2-42c0-830b-2190756d8cfd,3c6bd6c5-7aa2-42c0-830b-2190756d8cfd,3c6bd6c5-7aa2-42c0-830b-2190756d8cfd
c00c0b39-0725-4a50-a872-cc68d04ee948,02b921b6-c0b6-40d7-b914-13cbe42eb500,02b921b6-c0b6-40d7-b914-13cbe42eb500,02b921b6-c0b6-40d7-b914-13cbe42eb500
15459b7c-20f8-41b1-9d7c-19174cf6f8d9,f3201624-b052-4ae7-a7d2-41e05fb2ea4c,f3201624-b052-4ae7-a7d2-41e05fb2ea4c,f3201624-b052-4ae7-a7d2-41e05fb2ea4c
2dc6d9d2-4f38-47f4-acb0-7c4f2c591ad7,d363b691-0c40-4d6b-836d-b400536185dd,d363b691-0c40-4d6b-836d-b400536185dd,d363b691-0c40-4d6b-836d-b400536185dd
c6e28088-c2d8-4298-b88a-7e283452fcb6,cd3759b5-a3be-4c48-9309-2c74c1b6bcc8,cd3759b5-a3be-4c48-9309-2c74c1b6bcc8,cd3759b5-a3be-4c48-9309-2c74c1b6bcc8
293c421f-7649-4f41-8e16-e9988c71e625,9140489e-b245-43b5-b9fc-4103f1de7812,9140489e-b245-43b5-b9fc-4103f1de7812,800ccaef-3ff5-411d-b4b7-27d3d13fb991
d7342095-a4ed-4bce-a968-d5eb04fce67d,b2c6b076-85c1-4b83-ac7f-e29cbc52e63c,21f3d4c9-537a-46ef-b535-fa89e0add8a3,21f3d4c9-537a-46ef-b535-fa89e0add8a3
2ef6a788-d85d-416a-a476-7d5953da2abb,881bff15-b032-477f-8313-c51a10550221,881bff15-b032-477f-8313-c51a10550221,d02241db-c4f7-4b3d-a63d-601df2b72182
eb030226-e873-496b-b9fc-3458db5291fa,6eb0f229-36ab-40b1-8c08-62ee85cffff6,6eb0f229-36ab-40b1-8c08-62ee85cffff6,6eb0f229-36ab-40b1-8c08-62ee85cffff6
0f641876-df89-441f-a37d-d3892a73a262,23648483-1f26-417a-9fad-5e935442100a,23648483-1f26-417a-9fad-5e935442100a,23648483-1f26-417a-9fad-5e935442100a
8c9470f1-fc17-4568-a5d0-effbf48ce426,3a421ec3-7873-4170-abe1-692207257b83,3a421ec3-7873-4170-abe1-692207257b83,3a421ec3-7873-4170-abe1-692207257b83
49748447-97ae-4cf3-a1eb-8d07fd484d3b,1063b00f-4e2b-4604-a649-17c19f670092,1063b00f-4e2b-4604-a649-17c19f670092,23648483-1f26-417a-9fad-5e935442100a
738ce468-5912-4440-a08b-51e5ab7f795d,9602371f-df02-46a6-8d54-f9e2014e9e96,9602371f-df02-46a6-8d54-f9e2014e9e96,9602371f-df02-46a6-8d54-f9e2014e9e96
05e93d94-99fd-4d3c-acdc-0776b7e5f7c4,3059ad46-0cb1-4704-b768-2819973b78df,63c303e8-7259-492a-b377-3179dc25f0ca,63c303e8-7259-492a-b377-3179dc25f0ca
13de7d76-c061-4b51-9ade-4e630dba4319,14e0f4b8-2cc2-457e-b6de-12f65cbc6f4b,d941a49a-beba-469b-9929-3c3e9eb70ddb,d941a49a-beba-469b-9929-3c3e9eb70ddb
6f021374-a423-4d22-8631-b9edc966b7dd,0451e3f9-41c9-466b-b03e-506dd0a95f73,0451e3f9-41c9-466b-b03e-506dd0a95f73,0451e3f9-41c9-466b-b03e-506dd0a95f73
19450314-6a6b-4b8c-80f1-fc5fb5257646,3059ad46-0cb1-4704-b768-2819973b78df,800ccaef-3ff5-411d-b4b7-27d3d13fb991,800ccaef-3ff5-411d-b4b7-27d3d13fb991
4106953b-e35e-47c9-ad59-21a91be17115,67ca1a30-91d7-4c1d-b471-3802cd1f9e24,67ca1a30-91d7-4c1d-b471-3802cd1f9e24,36432b99-1637-428f-85cc-945352fc3eea
60d1f873-ade1-4c03-a4ee-64902d16f7e8,f675e17a-4717-4c46-8554-f8636132e476,f675e17a-4717-4c46-8554-f8636132e476,f675e17a-4717-4c46-8554-f8636132e476
938ab7a4-eb8b-444c-bb92-d6a205f6c316,800ccaef-3ff5-411d-b4b7-27d3d13fb991,800ccaef-3ff5-411d-b4b7-27d3d13fb991,800ccaef-3ff5-411d-b4b7-27d3d13fb991
9bd756f8-3261-449e-832d-84561886e8c0,e4de620b-147b-4b5c-a652-1e37992c8ccd,e4de620b-147b-4b5c-a652-1e37992c8ccd,e4de620b-147b-4b5c-a652-1e37992c8ccd
53a66e3f-2d75-41cf-b637-b760f03e8646,e4802588-899f-46c6-8579-569cfde574e8,733cccda-e649-4de8-993a-5a4a0cef1b8c,733cccda-e649-4de8-993a-5a4a0cef1b8c
d267d727-760c-4472-b521-222a7843e4b6,3d7c2a05-d411-4cfa-aa73-c1e574d908ab,35dfc992-b4da-4f1c-b650-be88c9e3158f,35dfc992-b4da-4f1c-b650-be88c9e3158f
222ce00e-0991-4146-83f0-1095b0d74859,e593353a-a916-412d-8f5c-c8ddf302808e,9e52c7f6-5bc1-460b-ab86-eb1a46b75917,9e52c7f6-5bc1-460b-ab86-eb1a46b75917
87bd2725-cc6f-4293-9c0e-bdfb71023cbd,b19baf56-3849-49fe-b89c-ec1882587aa8,67afa25d-c1f8-4c07-adf1-cb4e48943d30,67afa25d-c1f8-4c07-adf1-cb4e48943d30
fe696027-459f-4e3b-a0c2-a6911f888b84,e593353a-a916-412d-8f5c-c8ddf302808e,12990554-ef6c-41d8-8812-cb73f0b65ce2,12990554-ef6c-41d8-8812-cb73f0b65ce2
4d854a86-ade9-4cdd-900f-9da62bf96226,e4802588-899f-46c6-8579-569cfde574e8,6eb0f229-36ab-40b1-8c08-62ee85cffff6,6eb0f229-36ab-40b1-8c08-62ee85cffff6
ed12102a-8ac9-44ad-984a-732b37df6fcd,e593353a-a916-412d-8f5c-c8ddf302808e,c3dd4da3-9dd1-4280-9fdb-2668d7038679,c3dd4da3-9dd1-4280-9fdb-2668d7038679
8cdc2625-96cd-46cd-84f4-984b37e6fdf0,e4802588-899f-46c6-8579-569cfde574e8,1974fadf-847e-468c-9cec-9f3b8bb97588,1974fadf-847e-468c-9cec-9f3b8bb97588
